,rider_code,rider_url
0,sam-bennett,https://www.procyclingstats.com/rider/sam-bennett
1,bob-jungels,https://www.procyclingstats.com/rider/bob-jungels
2,danny-van-poppel,https://www.procyclingstats.com/rider/danny-van-poppel
3,aleksandr-vlasov,https://www.procyclingstats.com/rider/aleksandr-vlasov
4,patrick-konrad,https://www.procyclingstats.com/rider/patrick-konrad
5,maximilian-schachmann,https://www.procyclingstats.com/rider/maximilian-schachmann
6,emanuel-buchmann,https://www.procyclingstats.com/rider/emanuel-buchmann
7,sergio-higuita,https://www.procyclingstats.com/rider/sergio-higuita
8,jai-hindley,https://www.procyclingstats.com/rider/jai-hindley
9,nils-politt,https://www.procyclingstats.com/rider/nils-politt
10,marco-haller,https://www.procyclingstats.com/rider/marco-haller
11,lennard-kamna,https://www.procyclingstats.com/rider/lennard-kamna
12,jordi-meeus,https://www.procyclingstats.com/rider/jordi-meeus
13,cesare-benedetti,https://www.procyclingstats.com/rider/cesare-benedetti
14,jonas-koch,https://www.procyclingstats.com/rider/jonas-koch
15,giovanni-aleotti,https://www.procyclingstats.com/rider/giovanni-aleotti
16,nico-denz,https://www.procyclingstats.com/rider/nico-denz
17,ryan-mullen,https://www.procyclingstats.com/rider/ryan-mullen
18,matteo-fabbro,https://www.procyclingstats.com/rider/matteo-fabbro
19,ide-schelling,https://www.procyclingstats.com/rider/ide-schelling
20,shane-archbold,https://www.procyclingstats.com/rider/shane-archbold
21,matthew-walls,https://www.procyclingstats.com/rider/matthew-walls
22,ben-zwiehoff,https://www.procyclingstats.com/rider/ben-zwiehoff
23,cian-uijtdebroeks,https://www.procyclingstats.com/rider/cian-uijtdebroeks
24,patrick-gamper,https://www.procyclingstats.com/rider/patrick-gamper
25,frederik-wandahl,https://www.procyclingstats.com/rider/frederik-wandahl
26,victor-koretzky,https://www.procyclingstats.com/rider/victor-koretzky
27,anton-palzer,https://www.procyclingstats.com/rider/anton-palzer
28,florian-lipowitz,https://www.procyclingstats.com/rider/florian-lipowitz
29,luis-joe-luhrs,https://www.procyclingstats.com/rider/luis-joe-luhrs
30,ion-izagirre,https://www.procyclingstats.com/rider/ion-izagirre
31,bryan-coquard,https://www.procyclingstats.com/rider/bryan-coquard
32,guillaume-martin,https://www.procyclingstats.com/rider/guillaume-martin
33,jesus-herrada-lopez,https://www.procyclingstats.com/rider/jesus-herrada-lopez
34,simon-geschke,https://www.procyclingstats.com/rider/simon-geschke
35,davide-cimolai,https://www.procyclingstats.com/rider/davide-cimolai
36,max-walscheid,https://www.procyclingstats.com/rider/max-walscheid
37,simone-consonni,https://www.procyclingstats.com/rider/simone-consonni
38,jose-herrada,https://www.procyclingstats.com/rider/jose-herrada
39,jelle-wallays,https://www.procyclingstats.com/rider/jelle-wallays
40,ruben-fernandez,https://www.procyclingstats.com/rider/ruben-fernandez
41,pierre-luc-perichon,https://www.procyclingstats.com/rider/pierre-luc-perichon
42,benjamin-thomas-2,https://www.procyclingstats.com/rider/benjamin-thomas-2
43,piet-allegaert,https://www.procyclingstats.com/rider/piet-allegaert
44,jonathan-lastra,https://www.procyclingstats.com/rider/jonathan-lastra
45,anthony-perez,https://www.procyclingstats.com/rider/anthony-perez
46,wesley-kreder,https://www.procyclingstats.com/rider/wesley-kreder
47,axel-zingle,https://www.procyclingstats.com/rider/axel-zingle
48,christophe-noppe,https://www.procyclingstats.com/rider/christophe-noppe
49,victor-lafay,https://www.procyclingstats.com/rider/victor-lafay
50,remy-rochas,https://www.procyclingstats.com/rider/remy-rochas
51,francois-bidard,https://www.procyclingstats.com/rider/francois-bidard
52,alexis-renard,https://www.procyclingstats.com/rider/alexis-renard
53,alexandre-delettre,https://www.procyclingstats.com/rider/alexandre-delettre
54,eddy-fine,https://www.procyclingstats.com/rider/eddy-fine
55,andre-carvalho,https://www.procyclingstats.com/rider/andre-carvalho
56,thomas-champion,https://www.procyclingstats.com/rider/thomas-champion
57,axel-mariault,https://www.procyclingstats.com/rider/axel-mariault
58,hugo-toumire,https://www.procyclingstats.com/rider/hugo-toumire
59,harrison-wood,https://www.procyclingstats.com/rider/harrison-wood
60,rigoberto-uran,https://www.procyclingstats.com/rider/rigoberto-uran
61,richard-carapaz,https://www.procyclingstats.com/rider/richard-carapaz
62,johan-esteban-chaves,https://www.procyclingstats.com/rider/johan-esteban-chaves
63,magnus-cort-nielsen,https://www.procyclingstats.com/rider/magnus-cort-nielsen
64,jens-keukeleire,https://www.procyclingstats.com/rider/jens-keukeleire
65,hugh-carthy,https://www.procyclingstats.com/rider/hugh-carthy
66,alberto-bettiol,https://www.procyclingstats.com/rider/alberto-bettiol
67,andrey-amador,https://www.procyclingstats.com/rider/andrey-amador
68,neilson-powless,https://www.procyclingstats.com/rider/neilson-powless
69,merhawi-kudus,https://www.procyclingstats.com/rider/merhawi-kudus
70,odd-christian-eiking,https://www.procyclingstats.com/rider/odd-christian-eiking
71,mikkel-honore,https://www.procyclingstats.com/rider/mikkel-honore
72,owain-doull,https://www.procyclingstats.com/rider/owain-doull
73,mark-padun,https://www.procyclingstats.com/rider/mark-padun
74,stefan-bissegger,https://www.procyclingstats.com/rider/stefan-bissegger
75,lukasz-wisniowski,https://www.procyclingstats.com/rider/lukasz-wisniowski
76,jonathan-klever-caicedo,https://www.procyclingstats.com/rider/jonathan-klever-caicedo
77,stefan-de-bod,https://www.procyclingstats.com/rider/stefan-de-bod
78,marijn-van-den-berg,https://www.procyclingstats.com/rider/marijn-van-den-berg
79,james-shaw,https://www.procyclingstats.com/rider/james-shaw
80,thomas-scully,https://www.procyclingstats.com/rider/thomas-scully
81,andrea-piccolo,https://www.procyclingstats.com/rider/andrea-piccolo
82,jefferson-alexander-cepeda,https://www.procyclingstats.com/rider/jefferson-alexander-cepeda
83,julius-van-den-berg,https://www.procyclingstats.com/rider/julius-van-den-berg
84,jonas-rutsch,https://www.procyclingstats.com/rider/jonas-rutsch
85,simon-carr,https://www.procyclingstats.com/rider/simon-carr
86,sean-quinn,https://www.procyclingstats.com/rider/sean-quinn
87,ben-healy,https://www.procyclingstats.com/rider/ben-healy
88,diego-andres-camargo,https://www.procyclingstats.com/rider/diego-andres-camargo
89,georg-steinhauser,https://www.procyclingstats.com/rider/georg-steinhauser
90,arnaud-demare,https://www.procyclingstats.com/rider/arnaud-demare
91,thibaut-pinot,https://www.procyclingstats.com/rider/thibaut-pinot
92,stefan-kung,https://www.procyclingstats.com/rider/stefan-kung
93,david-gaudu,https://www.procyclingstats.com/rider/david-gaudu
94,matthieu-ladagnous,https://www.procyclingstats.com/rider/matthieu-ladagnous
95,rudy-molard,https://www.procyclingstats.com/rider/rudy-molard
96,valentin-madouas,https://www.procyclingstats.com/rider/valentin-madouas
97,ignatas-konovalovas,https://www.procyclingstats.com/rider/ignatas-konovalovas
98,quentin-pacher,https://www.procyclingstats.com/rider/quentin-pacher
99,michael-storer,https://www.procyclingstats.com/rider/michael-storer
100,bram-welten,https://www.procyclingstats.com/rider/bram-welten
101,olivier-le-gac,https://www.procyclingstats.com/rider/olivier-le-gac
102,jake-stewart,https://www.procyclingstats.com/rider/jake-stewart
103,fabian-lienhard,https://www.procyclingstats.com/rider/fabian-lienhard
104,kevin-geniets,https://www.procyclingstats.com/rider/kevin-geniets
105,bruno-armirail,https://www.procyclingstats.com/rider/bruno-armirail
106,miles-scotson,https://www.procyclingstats.com/rider/miles-scotson
107,paul-penhoet,https://www.procyclingstats.com/rider/paul-penhoet
108,lewis-askey,https://www.procyclingstats.com/rider/lewis-askey
109,romain-gregoire1,https://www.procyclingstats.com/rider/romain-gregoire1
110,laurence-pithie,https://www.procyclingstats.com/rider/laurence-pithie
111,reuben-thompson,https://www.procyclingstats.com/rider/reuben-thompson
112,samuel-watson,https://www.procyclingstats.com/rider/samuel-watson
113,lenny-martinez,https://www.procyclingstats.com/rider/lenny-martinez
114,lars-van-den-berg,https://www.procyclingstats.com/rider/lars-van-den-berg
115,clement-davy,https://www.procyclingstats.com/rider/clement-davy
116,enzo-paleni,https://www.procyclingstats.com/rider/enzo-paleni
117,lorenzo-germani,https://www.procyclingstats.com/rider/lorenzo-germani
118,elia-viviani,https://www.procyclingstats.com/rider/elia-viviani
119,michal-kwiatkowski,https://www.procyclingstats.com/rider/michal-kwiatkowski
120,geraint-thomas,https://www.procyclingstats.com/rider/geraint-thomas
121,egan-bernal,https://www.procyclingstats.com/rider/egan-bernal
122,ben-swift,https://www.procyclingstats.com/rider/ben-swift
123,jonathan-castroviejo,https://www.procyclingstats.com/rider/jonathan-castroviejo
124,daniel-felipe-martinez,https://www.procyclingstats.com/rider/daniel-felipe-martinez
125,tao-geoghegan-hart,https://www.procyclingstats.com/rider/tao-geoghegan-hart
126,filippo-ganna,https://www.procyclingstats.com/rider/filippo-ganna
127,pavel-sivakov,https://www.procyclingstats.com/rider/pavel-sivakov
128,ethan-hayter,https://www.procyclingstats.com/rider/ethan-hayter
129,luke-rowe,https://www.procyclingstats.com/rider/luke-rowe
130,omar-fraile,https://www.procyclingstats.com/rider/omar-fraile
131,thomas-pidcock,https://www.procyclingstats.com/rider/thomas-pidcock
132,carlos-rodriguez-cano,https://www.procyclingstats.com/rider/carlos-rodriguez-cano
133,jhonatan-narvaez,https://www.procyclingstats.com/rider/jhonatan-narvaez
134,thymen-arensman,https://www.procyclingstats.com/rider/thymen-arensman
135,laurens-de-plus,https://www.procyclingstats.com/rider/laurens-de-plus
136,salvatore-puccio,https://www.procyclingstats.com/rider/salvatore-puccio
137,connor-swift,https://www.procyclingstats.com/rider/connor-swift
138,magnus-sheffield,https://www.procyclingstats.com/rider/magnus-sheffield
139,cameron-wurf,https://www.procyclingstats.com/rider/cameron-wurf
140,ben-tulett,https://www.procyclingstats.com/rider/ben-tulett
141,luke-plapp,https://www.procyclingstats.com/rider/luke-plapp
142,ben-turner,https://www.procyclingstats.com/rider/ben-turner
143,brandon-smith-rivera-vargas,https://www.procyclingstats.com/rider/brandon-smith-rivera-vargas
144,leo-hayter,https://www.procyclingstats.com/rider/leo-hayter
145,kim-heiduk,https://www.procyclingstats.com/rider/kim-heiduk
146,joshua-tarling,https://www.procyclingstats.com/rider/joshua-tarling
147,michael-leonard1,https://www.procyclingstats.com/rider/michael-leonard1
148,rui-costa,https://www.procyclingstats.com/rider/rui-costa
149,rein-taaramae,https://www.procyclingstats.com/rider/rein-taaramae
150,louis-meintjes,https://www.procyclingstats.com/rider/louis-meintjes
151,baptiste-planckaert,https://www.procyclingstats.com/rider/baptiste-planckaert
152,mike-teunissen,https://www.procyclingstats.com/rider/mike-teunissen
153,niccolo-bonifazio,https://www.procyclingstats.com/rider/niccolo-bonifazio
154,lilian-calmejane,https://www.procyclingstats.com/rider/lilian-calmejane
155,adrien-petit,https://www.procyclingstats.com/rider/adrien-petit
156,dion-smith,https://www.procyclingstats.com/rider/dion-smith
157,lorenzo-rota,https://www.procyclingstats.com/rider/lorenzo-rota
158,biniam-girmay,https://www.procyclingstats.com/rider/biniam-girmay
159,loic-vliegen,https://www.procyclingstats.com/rider/loic-vliegen
160,taco-van-der-hoorn,https://www.procyclingstats.com/rider/taco-van-der-hoorn
161,boy-van-poppel,https://www.procyclingstats.com/rider/boy-van-poppel
162,sven-erik-bystrom,https://www.procyclingstats.com/rider/sven-erik-bystrom
163,aime-de-gendt,https://www.procyclingstats.com/rider/aime-de-gendt
164,georg-zimmermann,https://www.procyclingstats.com/rider/georg-zimmermann
165,simone-petilli,https://www.procyclingstats.com/rider/simone-petilli
166,gerben-thijssen,https://www.procyclingstats.com/rider/gerben-thijssen
167,kobe-goossens,https://www.procyclingstats.com/rider/kobe-goossens
168,rune-herregodts,https://www.procyclingstats.com/rider/rune-herregodts
169,arne-marit,https://www.procyclingstats.com/rider/arne-marit
170,hugo-page,https://www.procyclingstats.com/rider/hugo-page
171,laurens-huys,https://www.procyclingstats.com/rider/laurens-huys
172,julius-johansen,https://www.procyclingstats.com/rider/julius-johansen
173,madis-mihkels,https://www.procyclingstats.com/rider/madis-mihkels
174,laurenz-rex,https://www.procyclingstats.com/rider/laurenz-rex
175,tom-paquot,https://www.procyclingstats.com/rider/tom-paquot
176,dries-de-pooter,https://www.procyclingstats.com/rider/dries-de-pooter
177,primoz-roglic,https://www.procyclingstats.com/rider/primoz-roglic
178,robert-gesink,https://www.procyclingstats.com/rider/robert-gesink
179,wout-van-aert,https://www.procyclingstats.com/rider/wout-van-aert
180,wilco-kelderman,https://www.procyclingstats.com/rider/wilco-kelderman
181,rohan-dennis,https://www.procyclingstats.com/rider/rohan-dennis
182,tiesj-benoot,https://www.procyclingstats.com/rider/tiesj-benoot
183,steven-kruijswijk,https://www.procyclingstats.com/rider/steven-kruijswijk
184,christophe-laporte,https://www.procyclingstats.com/rider/christophe-laporte
185,dylan-van-baarle,https://www.procyclingstats.com/rider/dylan-van-baarle
186,jonas-vingegaard-rasmussen,https://www.procyclingstats.com/rider/jonas-vingegaard-rasmussen
187,jos-van-emden,https://www.procyclingstats.com/rider/jos-van-emden
188,sam-oomen,https://www.procyclingstats.com/rider/sam-oomen
189,sepp-kuss,https://www.procyclingstats.com/rider/sepp-kuss
190,tosh-van-der-sande,https://www.procyclingstats.com/rider/tosh-van-der-sande
191,jan-tratnik,https://www.procyclingstats.com/rider/jan-tratnik
192,timo-roosen,https://www.procyclingstats.com/rider/timo-roosen
193,olav-kooij,https://www.procyclingstats.com/rider/olav-kooij
194,koen-bouwman,https://www.procyclingstats.com/rider/koen-bouwman
195,attila-valter,https://www.procyclingstats.com/rider/attila-valter
196,tobias-foss,https://www.procyclingstats.com/rider/tobias-foss
197,edoardo-affini,https://www.procyclingstats.com/rider/edoardo-affini
198,nathan-van-hooydonck,https://www.procyclingstats.com/rider/nathan-van-hooydonck
199,lennard-hofstede,https://www.procyclingstats.com/rider/lennard-hofstede
200,mick-van-dijke,https://www.procyclingstats.com/rider/mick-van-dijke
201,gijs-leemreize,https://www.procyclingstats.com/rider/gijs-leemreize
202,thomas-gloag,https://www.procyclingstats.com/rider/thomas-gloag
203,tim-van-dijke,https://www.procyclingstats.com/rider/tim-van-dijke
204,michel-hessmann,https://www.procyclingstats.com/rider/michel-hessmann
205,milan-vader,https://www.procyclingstats.com/rider/milan-vader
206,jose-joaquin-rojas,https://www.procyclingstats.com/rider/jose-joaquin-rojas
207,enric-mas,https://www.procyclingstats.com/rider/enric-mas
208,fernando-gaviria,https://www.procyclingstats.com/rider/fernando-gaviria
209,gorka-izagirre,https://www.procyclingstats.com/rider/gorka-izagirre
210,nelson-oliveira,https://www.procyclingstats.com/rider/nelson-oliveira
211,ruben-guerreiro,https://www.procyclingstats.com/rider/ruben-guerreiro
212,alex-aranburu,https://www.procyclingstats.com/rider/alex-aranburu
213,imanol-erviti,https://www.procyclingstats.com/rider/imanol-erviti
214,ivan-garcia-cortina,https://www.procyclingstats.com/rider/ivan-garcia-cortina
215,ivan-ramiro-sosa,https://www.procyclingstats.com/rider/ivan-ramiro-sosa
216,carlos-verona,https://www.procyclingstats.com/rider/carlos-verona
217,gregor-muhlberger,https://www.procyclingstats.com/rider/gregor-muhlberger
218,antonio-pedrero,https://www.procyclingstats.com/rider/antonio-pedrero
219,gonzalo-serrano,https://www.procyclingstats.com/rider/gonzalo-serrano
220,oscar-rodriguez,https://www.procyclingstats.com/rider/oscar-rodriguez
221,max-kanter,https://www.procyclingstats.com/rider/max-kanter
222,matteo-jorgenson,https://www.procyclingstats.com/rider/matteo-jorgenson
223,einer-augusto-rubio-reyes,https://www.procyclingstats.com/rider/einer-augusto-rubio-reyes
224,lluis-guillermo-mas,https://www.procyclingstats.com/rider/lluis-guillermo-mas
225,mathias-norsgaard,https://www.procyclingstats.com/rider/mathias-norsgaard
226,william-barta,https://www.procyclingstats.com/rider/william-barta
227,jorge-arcas,https://www.procyclingstats.com/rider/jorge-arcas
228,albert-torres,https://www.procyclingstats.com/rider/albert-torres
229,sergio-samitier,https://www.procyclingstats.com/rider/sergio-samitier
230,abner-gonzalez-rivera,https://www.procyclingstats.com/rider/abner-gonzalez-rivera
231,oier-lazkano,https://www.procyclingstats.com/rider/oier-lazkano
232,johan-jacobs,https://www.procyclingstats.com/rider/johan-jacobs
233,juri-hollmann,https://www.procyclingstats.com/rider/juri-hollmann
234,vinicius-rangel-costa,https://www.procyclingstats.com/rider/vinicius-rangel-costa
235,ivan-romeo,https://www.procyclingstats.com/rider/ivan-romeo
236,julian-alaphilippe,https://www.procyclingstats.com/rider/julian-alaphilippe
237,remco-evenepoel,https://www.procyclingstats.com/rider/remco-evenepoel
238,yves-lampaert,https://www.procyclingstats.com/rider/yves-lampaert
239,dries-devenyns,https://www.procyclingstats.com/rider/dries-devenyns
240,florian-senechal,https://www.procyclingstats.com/rider/florian-senechal
241,tim-merlier,https://www.procyclingstats.com/rider/tim-merlier
242,fabio-jakobsen,https://www.procyclingstats.com/rider/fabio-jakobsen
243,kasper-asgreen,https://www.procyclingstats.com/rider/kasper-asgreen
244,michael-morkov,https://www.procyclingstats.com/rider/michael-morkov
245,fausto-masnada,https://www.procyclingstats.com/rider/fausto-masnada
246,mattia-cattaneo,https://www.procyclingstats.com/rider/mattia-cattaneo
247,pieter-serry,https://www.procyclingstats.com/rider/pieter-serry
248,jan-hirt,https://www.procyclingstats.com/rider/jan-hirt
249,davide-ballerini,https://www.procyclingstats.com/rider/davide-ballerini
250,remi-cavagna,https://www.procyclingstats.com/rider/remi-cavagna
251,josef-cerny,https://www.procyclingstats.com/rider/josef-cerny
252,bert-van-lerberghe,https://www.procyclingstats.com/rider/bert-van-lerberghe
253,james-knox,https://www.procyclingstats.com/rider/james-knox
254,tim-declercq,https://www.procyclingstats.com/rider/tim-declercq
255,andrea-bagioli,https://www.procyclingstats.com/rider/andrea-bagioli
256,mauri-vansevenant,https://www.procyclingstats.com/rider/mauri-vansevenant
257,mauro-schmid,https://www.procyclingstats.com/rider/mauro-schmid
258,jannik-steimle,https://www.procyclingstats.com/rider/jannik-steimle
259,casper-pedersen,https://www.procyclingstats.com/rider/casper-pedersen
260,louis-vervaeke,https://www.procyclingstats.com/rider/louis-vervaeke
261,ilan-van-wilder,https://www.procyclingstats.com/rider/ilan-van-wilder
262,ethan-vernon,https://www.procyclingstats.com/rider/ethan-vernon
263,stan-van-tricht,https://www.procyclingstats.com/rider/stan-van-tricht
264,martin-svrcek,https://www.procyclingstats.com/rider/martin-svrcek
265,nacer-bouhanni,https://www.procyclingstats.com/rider/nacer-bouhanni
266,warren-barguil,https://www.procyclingstats.com/rider/warren-barguil
267,hugo-hofstetter,https://www.procyclingstats.com/rider/hugo-hofstetter
268,maxime-bouet,https://www.procyclingstats.com/rider/maxime-bouet
269,nicolas-edet,https://www.procyclingstats.com/rider/nicolas-edet
270,laurent-pichon,https://www.procyclingstats.com/rider/laurent-pichon
271,anthony-delaplace,https://www.procyclingstats.com/rider/anthony-delaplace
272,amaury-capiot,https://www.procyclingstats.com/rider/amaury-capiot
273,daniel-mclay,https://www.procyclingstats.com/rider/daniel-mclay
274,luca-mozzato,https://www.procyclingstats.com/rider/luca-mozzato
275,elie-gesbert,https://www.procyclingstats.com/rider/elie-gesbert
276,clement-champoussin,https://www.procyclingstats.com/rider/clement-champoussin
277,lukasz-owsian,https://www.procyclingstats.com/rider/lukasz-owsian
278,jenthe-biermans,https://www.procyclingstats.com/rider/jenthe-biermans
279,matis-louvel,https://www.procyclingstats.com/rider/matis-louvel
280,cristian-rodriguez,https://www.procyclingstats.com/rider/cristian-rodriguez
281,kevin-vauquelin,https://www.procyclingstats.com/rider/kevin-vauquelin
282,kevin-ledanois,https://www.procyclingstats.com/rider/kevin-ledanois
283,clement-russo,https://www.procyclingstats.com/rider/clement-russo
284,thibault-guernalec,https://www.procyclingstats.com/rider/thibault-guernalec
285,simon-guglielmi,https://www.procyclingstats.com/rider/simon-guglielmi
286,david-dekker,https://www.procyclingstats.com/rider/david-dekker
287,alan-riou,https://www.procyclingstats.com/rider/alan-riou
288,michel-ries,https://www.procyclingstats.com/rider/michel-ries
289,louis-barre,https://www.procyclingstats.com/rider/louis-barre
290,donavan-grondin,https://www.procyclingstats.com/rider/donavan-grondin
291,alessandro-verre,https://www.procyclingstats.com/rider/alessandro-verre
292,mathis-le-berre,https://www.procyclingstats.com/rider/mathis-le-berre
293,andrii-ponomar,https://www.procyclingstats.com/rider/andrii-ponomar
294,ewen-costiou,https://www.procyclingstats.com/rider/ewen-costiou
295,michael-matthews,https://www.procyclingstats.com/rider/michael-matthews
296,simon-yates,https://www.procyclingstats.com/rider/simon-yates
297,dylan-groenewegen,https://www.procyclingstats.com/rider/dylan-groenewegen
298,zdenek-stybar,https://www.procyclingstats.com/rider/zdenek-stybar
299,luka-mezgec,https://www.procyclingstats.com/rider/luka-mezgec
300,luke-durbridge,https://www.procyclingstats.com/rider/luke-durbridge
301,alessandro-de-marchi,https://www.procyclingstats.com/rider/alessandro-de-marchi
302,christopher-juul-jensen,https://www.procyclingstats.com/rider/christopher-juul-jensen
303,lucas-hamilton,https://www.procyclingstats.com/rider/lucas-hamilton
304,lawson-craddock,https://www.procyclingstats.com/rider/lawson-craddock
305,amund-grondahl-jansen,https://www.procyclingstats.com/rider/amund-grondahl-jansen
306,edward-irl-dunbar,https://www.procyclingstats.com/rider/edward-irl-dunbar
307,tsgabu-gebremaryam-grmay,https://www.procyclingstats.com/rider/tsgabu-gebremaryam-grmay
308,michael-hepburn,https://www.procyclingstats.com/rider/michael-hepburn
309,lukas-postlberger,https://www.procyclingstats.com/rider/lukas-postlberger
310,chris-harper,https://www.procyclingstats.com/rider/chris-harper
311,matteo-sobrero,https://www.procyclingstats.com/rider/matteo-sobrero
312,filippo-zana,https://www.procyclingstats.com/rider/filippo-zana
313,elmar-reinders,https://www.procyclingstats.com/rider/elmar-reinders
314,kevin-colleoni,https://www.procyclingstats.com/rider/kevin-colleoni
315,callum-scotson,https://www.procyclingstats.com/rider/callum-scotson
316,jan-maas,https://www.procyclingstats.com/rider/jan-maas
317,felix-engelhardt,https://www.procyclingstats.com/rider/felix-engelhardt
318,kelland-brien,https://www.procyclingstats.com/rider/kelland-brien
319,campbell-stewart,https://www.procyclingstats.com/rider/campbell-stewart
320,alexandre-balmer,https://www.procyclingstats.com/rider/alexandre-balmer
321,blake-quick,https://www.procyclingstats.com/rider/blake-quick
322,rudy-porter,https://www.procyclingstats.com/rider/rudy-porter
323,jesus-david-pena-jimenez,https://www.procyclingstats.com/rider/jesus-david-pena-jimenez
324,welay-hagos-berhe,https://www.procyclingstats.com/rider/welay-hagos-berhe
325,john-degenkolb,https://www.procyclingstats.com/rider/john-degenkolb
326,romain-bardet,https://www.procyclingstats.com/rider/romain-bardet
327,patrick-bevin,https://www.procyclingstats.com/rider/patrick-bevin
328,alberto-dainese,https://www.procyclingstats.com/rider/alberto-dainese
329,andreas-leknessund,https://www.procyclingstats.com/rider/andreas-leknessund
330,chris-hamilton,https://www.procyclingstats.com/rider/chris-hamilton
331,harm-vanhoucke,https://www.procyclingstats.com/rider/harm-vanhoucke
332,romain-combaud,https://www.procyclingstats.com/rider/romain-combaud
333,martijn-tusveld,https://www.procyclingstats.com/rider/martijn-tusveld
334,alexander-edmondson,https://www.procyclingstats.com/rider/alexander-edmondson
335,nils-eekhoff,https://www.procyclingstats.com/rider/nils-eekhoff
336,sam-welsford,https://www.procyclingstats.com/rider/sam-welsford
337,marius-mayrhofer,https://www.procyclingstats.com/rider/marius-mayrhofer
338,kevin-vermaerke,https://www.procyclingstats.com/rider/kevin-vermaerke
339,casper-van-uden,https://www.procyclingstats.com/rider/casper-van-uden
340,niklas-markl,https://www.procyclingstats.com/rider/niklas-markl
341,henri-vandenabeele,https://www.procyclingstats.com/rider/henri-vandenabeele
342,oscar-onley,https://www.procyclingstats.com/rider/oscar-onley
343,marco-brenner,https://www.procyclingstats.com/rider/marco-brenner
344,jonas-iversby-hvideberg,https://www.procyclingstats.com/rider/jonas-iversby-hvideberg
345,pavel-bittner,https://www.procyclingstats.com/rider/pavel-bittner
346,florian-stork,https://www.procyclingstats.com/rider/florian-stork
347,matthew-dinham,https://www.procyclingstats.com/rider/matthew-dinham
348,max-poole,https://www.procyclingstats.com/rider/max-poole
349,sean-flynn,https://www.procyclingstats.com/rider/sean-flynn
350,leon-heinschke,https://www.procyclingstats.com/rider/leon-heinschke
351,frederik-rodenberg,https://www.procyclingstats.com/rider/frederik-rodenberg
352,tobias-lund-andresen,https://www.procyclingstats.com/rider/tobias-lund-andresen
353,lorenzo-milesi,https://www.procyclingstats.com/rider/lorenzo-milesi
354,tim-naberman,https://www.procyclingstats.com/rider/tim-naberman
355,bauke-mollema,https://www.procyclingstats.com/rider/bauke-mollema
356,tony-gallopin,https://www.procyclingstats.com/rider/tony-gallopin
357,jasper-stuyven,https://www.procyclingstats.com/rider/jasper-stuyven
358,mads-pedersen,https://www.procyclingstats.com/rider/mads-pedersen
359,edward-theuns,https://www.procyclingstats.com/rider/edward-theuns
360,dario-cataldo,https://www.procyclingstats.com/rider/dario-cataldo
361,giulio-ciccone,https://www.procyclingstats.com/rider/giulio-ciccone
362,toms-skujins,https://www.procyclingstats.com/rider/toms-skujins
363,jon-aberasturi,https://www.procyclingstats.com/rider/jon-aberasturi
364,kenny-elissonde,https://www.procyclingstats.com/rider/kenny-elissonde
365,mattias-skjelmose-jensen,https://www.procyclingstats.com/rider/mattias-skjelmose-jensen
366,antwan-tolhoek,https://www.procyclingstats.com/rider/antwan-tolhoek
367,emils-liepins,https://www.procyclingstats.com/rider/emils-liepins
368,markus-hoelgaard,https://www.procyclingstats.com/rider/markus-hoelgaard
369,amanuel-ghebreigzabhier,https://www.procyclingstats.com/rider/amanuel-ghebreigzabhier
370,natnael-tesfatsion,https://www.procyclingstats.com/rider/natnael-tesfatsion
371,alex-kirsch,https://www.procyclingstats.com/rider/alex-kirsch
372,jacopo-mosca,https://www.procyclingstats.com/rider/jacopo-mosca
373,julien-bernard,https://www.procyclingstats.com/rider/julien-bernard
374,quinn-simmons,https://www.procyclingstats.com/rider/quinn-simmons
375,juan-pedro-lopez,https://www.procyclingstats.com/rider/juan-pedro-lopez
376,antonio-tiberi,https://www.procyclingstats.com/rider/antonio-tiberi
377,filippo-baroncini,https://www.procyclingstats.com/rider/filippo-baroncini
378,otto-vergaerde,https://www.procyclingstats.com/rider/otto-vergaerde
379,mathias-vacek,https://www.procyclingstats.com/rider/mathias-vacek
380,daan-hoole,https://www.procyclingstats.com/rider/daan-hoole
381,thibau-nys,https://www.procyclingstats.com/rider/thibau-nys
382,asbjorn-hellemose,https://www.procyclingstats.com/rider/asbjorn-hellemose
383,marc-brustenga-masague,https://www.procyclingstats.com/rider/marc-brustenga-masague
384,greg-van-avermaet,https://www.procyclingstats.com/rider/greg-van-avermaet
385,oliver-naesen,https://www.procyclingstats.com/rider/oliver-naesen
386,benoit-cosnefroy,https://www.procyclingstats.com/rider/benoit-cosnefroy
387,ben-o-connor,https://www.procyclingstats.com/rider/ben-o-connor
388,marc-sarreau,https://www.procyclingstats.com/rider/marc-sarreau
389,andrea-vendrame,https://www.procyclingstats.com/rider/andrea-vendrame
390,mikael-cherel,https://www.procyclingstats.com/rider/mikael-cherel
391,michael-schar,https://www.procyclingstats.com/rider/michael-schar
392,clement-venturini,https://www.procyclingstats.com/rider/clement-venturini
393,aurelien-paret-peintre,https://www.procyclingstats.com/rider/aurelien-paret-peintre
394,dorian-godon,https://www.procyclingstats.com/rider/dorian-godon
395,franck-bonnamour,https://www.procyclingstats.com/rider/franck-bonnamour
396,geoffrey-bouchard,https://www.procyclingstats.com/rider/geoffrey-bouchard
397,lawrence-warbasse,https://www.procyclingstats.com/rider/lawrence-warbasse
398,nans-peters,https://www.procyclingstats.com/rider/nans-peters
399,stan-dewulf,https://www.procyclingstats.com/rider/stan-dewulf
400,damien-touze,https://www.procyclingstats.com/rider/damien-touze
401,lawrence-naesen,https://www.procyclingstats.com/rider/lawrence-naesen
402,felix-gall,https://www.procyclingstats.com/rider/felix-gall
403,jaakko-hanninen,https://www.procyclingstats.com/rider/jaakko-hanninen
404,clement-berthet,https://www.procyclingstats.com/rider/clement-berthet
405,nicolas-prodhomme,https://www.procyclingstats.com/rider/nicolas-prodhomme
406,paul-lapeira,https://www.procyclingstats.com/rider/paul-lapeira
407,alex-baudin,https://www.procyclingstats.com/rider/alex-baudin
408,valentin-retailleau,https://www.procyclingstats.com/rider/valentin-retailleau
409,bastien-tronchon,https://www.procyclingstats.com/rider/bastien-tronchon
410,valentin-paret-peintre,https://www.procyclingstats.com/rider/valentin-paret-peintre
411,antoine-raugel,https://www.procyclingstats.com/rider/antoine-raugel
412,pierre-gautherat,https://www.procyclingstats.com/rider/pierre-gautherat
413,diego-ulissi,https://www.procyclingstats.com/rider/diego-ulissi
414,tadej-pogacar,https://www.procyclingstats.com/rider/tadej-pogacar
415,rafal-majka,https://www.procyclingstats.com/rider/rafal-majka
416,adam-yates,https://www.procyclingstats.com/rider/adam-yates
417,tim-wellens,https://www.procyclingstats.com/rider/tim-wellens
418,matteo-trentin,https://www.procyclingstats.com/rider/matteo-trentin
419,pascal-ackermann,https://www.procyclingstats.com/rider/pascal-ackermann
420,george-bennett,https://www.procyclingstats.com/rider/george-bennett
421,davide-formolo,https://www.procyclingstats.com/rider/davide-formolo
422,joao-almeida,https://www.procyclingstats.com/rider/joao-almeida
423,marc-soler,https://www.procyclingstats.com/rider/marc-soler
424,marc-hirschi,https://www.procyclingstats.com/rider/marc-hirschi
425,felix-grossschartner,https://www.procyclingstats.com/rider/felix-grossschartner
426,jan-polanc,https://www.procyclingstats.com/rider/jan-polanc
427,brandon-mcnulty,https://www.procyclingstats.com/rider/brandon-mcnulty
428,ryan-gibbons,https://www.procyclingstats.com/rider/ryan-gibbons
429,alvaro-jose-hodeg,https://www.procyclingstats.com/rider/alvaro-jose-hodeg
430,juan-sebastian-molano,https://www.procyclingstats.com/rider/juan-sebastian-molano
431,vegard-stake-laengen,https://www.procyclingstats.com/rider/vegard-stake-laengen
432,alessandro-covi,https://www.procyclingstats.com/rider/alessandro-covi
433,juan-ayuso-pesquera,https://www.procyclingstats.com/rider/juan-ayuso-pesquera
434,jay-vine,https://www.procyclingstats.com/rider/jay-vine
435,mikkel-bjerg,https://www.procyclingstats.com/rider/mikkel-bjerg
436,rui-oliveira,https://www.procyclingstats.com/rider/rui-oliveira
437,domen-novak,https://www.procyclingstats.com/rider/domen-novak
438,sjoerd-bax,https://www.procyclingstats.com/rider/sjoerd-bax
439,michael-vink,https://www.procyclingstats.com/rider/michael-vink
440,finn-fisher-black,https://www.procyclingstats.com/rider/finn-fisher-black
441,ivo-emanuel-alves,https://www.procyclingstats.com/rider/ivo-emanuel-alves
442,felix-gros,https://www.procyclingstats.com/rider/felix-gros
443,mathieu-van-der-poel,https://www.procyclingstats.com/rider/mathieu-van-der-poel
444,jasper-philipsen,https://www.procyclingstats.com/rider/jasper-philipsen
445,soren-kragh-andersen,https://www.procyclingstats.com/rider/soren-kragh-andersen
446,kristian-sbaragli,https://www.procyclingstats.com/rider/kristian-sbaragli
447,jakub-mareczko,https://www.procyclingstats.com/rider/jakub-mareczko
448,silvan-dillier,https://www.procyclingstats.com/rider/silvan-dillier
449,xandro-meurisse,https://www.procyclingstats.com/rider/xandro-meurisse
450,dries-de-bondt,https://www.procyclingstats.com/rider/dries-de-bondt
451,ramon-sinkeldam,https://www.procyclingstats.com/rider/ramon-sinkeldam
452,gianni-vermeersch,https://www.procyclingstats.com/rider/gianni-vermeersch
453,quinten-hermans,https://www.procyclingstats.com/rider/quinten-hermans
454,oscar-riesebeek,https://www.procyclingstats.com/rider/oscar-riesebeek
455,alexander-krieger,https://www.procyclingstats.com/rider/alexander-krieger
456,robert-stannard,https://www.procyclingstats.com/rider/robert-stannard
457,kaden-groves,https://www.procyclingstats.com/rider/kaden-groves
458,michael-gogl,https://www.procyclingstats.com/rider/michael-gogl
459,jonas-rickaert,https://www.procyclingstats.com/rider/jonas-rickaert
460,stefano-oldani,https://www.procyclingstats.com/rider/stefano-oldani
461,jimmy-janssens,https://www.procyclingstats.com/rider/jimmy-janssens
462,nicola-conci,https://www.procyclingstats.com/rider/nicola-conci
463,lionel-taminiaux,https://www.procyclingstats.com/rider/lionel-taminiaux
464,edward-planckaert,https://www.procyclingstats.com/rider/edward-planckaert
465,tobias-bayer,https://www.procyclingstats.com/rider/tobias-bayer
466,senne-leysen,https://www.procyclingstats.com/rider/senne-leysen
467,robbe-ghys,https://www.procyclingstats.com/rider/robbe-ghys
468,fabio-van-den-bossche,https://www.procyclingstats.com/rider/fabio-van-den-bossche
469,jensen-plowright,https://www.procyclingstats.com/rider/jensen-plowright
470,maurice-ballerstedt,https://www.procyclingstats.com/rider/maurice-ballerstedt
471,jason-osborne,https://www.procyclingstats.com/rider/jason-osborne
472,samuel-gaze,https://www.procyclingstats.com/rider/samuel-gaze
473,mark-cavendish,https://www.procyclingstats.com/rider/mark-cavendish
474,luis-leon-sanchez,https://www.procyclingstats.com/rider/luis-leon-sanchez
475,aleksey-lutsenko,https://www.procyclingstats.com/rider/aleksey-lutsenko
476,fabio-felline,https://www.procyclingstats.com/rider/fabio-felline
477,gianni-moscon,https://www.procyclingstats.com/rider/gianni-moscon
478,david-de-la-cruz,https://www.procyclingstats.com/rider/david-de-la-cruz
479,andrey-zeits,https://www.procyclingstats.com/rider/andrey-zeits
480,joe-dombrowski,https://www.procyclingstats.com/rider/joe-dombrowski
481,cees-bol,https://www.procyclingstats.com/rider/cees-bol
482,manuele-boaro,https://www.procyclingstats.com/rider/manuele-boaro
483,dmitriy-gruzdev,https://www.procyclingstats.com/rider/dmitriy-gruzdev
484,simone-velasco,https://www.procyclingstats.com/rider/simone-velasco
485,yevgeniy-gidich,https://www.procyclingstats.com/rider/yevgeniy-gidich
486,martin-laas,https://www.procyclingstats.com/rider/martin-laas
487,samuele-battistella,https://www.procyclingstats.com/rider/samuele-battistella
488,alexandr-riabushenko,https://www.procyclingstats.com/rider/alexandr-riabushenko
489,davide-martinelli,https://www.procyclingstats.com/rider/davide-martinelli
490,vadim-pronskiy,https://www.procyclingstats.com/rider/vadim-pronskiy
491,yevgeniy-fedorov,https://www.procyclingstats.com/rider/yevgeniy-fedorov
492,leonardo-basso,https://www.procyclingstats.com/rider/leonardo-basso
493,christian-scaroni,https://www.procyclingstats.com/rider/christian-scaroni
494,harold-tejada,https://www.procyclingstats.com/rider/harold-tejada
495,antonio-nibali,https://www.procyclingstats.com/rider/antonio-nibali
496,yuriy-natarov,https://www.procyclingstats.com/rider/yuriy-natarov
497,igor-chzhan,https://www.procyclingstats.com/rider/igor-chzhan
498,gleb-syritsa,https://www.procyclingstats.com/rider/gleb-syritsa
499,javier-romo,https://www.procyclingstats.com/rider/javier-romo
500,gleb-brussenskiy,https://www.procyclingstats.com/rider/gleb-brussenskiy
501,gianmarco-garofoli,https://www.procyclingstats.com/rider/gianmarco-garofoli
502,nurbergen-nurlykhassym,https://www.procyclingstats.com/rider/nurbergen-nurlykhassym
503,mikel-landa,https://www.procyclingstats.com/rider/mikel-landa
504,wout-poels,https://www.procyclingstats.com/rider/wout-poels
505,damiano-caruso,https://www.procyclingstats.com/rider/damiano-caruso
506,pello-bilbao,https://www.procyclingstats.com/rider/pello-bilbao
507,heinrich-haussler,https://www.procyclingstats.com/rider/heinrich-haussler
508,matej-mohoric,https://www.procyclingstats.com/rider/matej-mohoric
509,andrea-pasqualon,https://www.procyclingstats.com/rider/andrea-pasqualon
510,jack-haig,https://www.procyclingstats.com/rider/jack-haig
511,yukiya-arashiro,https://www.procyclingstats.com/rider/yukiya-arashiro
512,nikias-arndt,https://www.procyclingstats.com/rider/nikias-arndt
513,phil-bauhaus,https://www.procyclingstats.com/rider/phil-bauhaus
514,hermann-pernsteiner,https://www.procyclingstats.com/rider/hermann-pernsteiner
515,gino-mader,https://www.procyclingstats.com/rider/gino-mader
516,jasha-sutterlin,https://www.procyclingstats.com/rider/jasha-sutterlin
517,santiago-buitrago-sanchez,https://www.procyclingstats.com/rider/santiago-buitrago-sanchez
518,kamil-gradek,https://www.procyclingstats.com/rider/kamil-gradek
519,alfred-wright,https://www.procyclingstats.com/rider/alfred-wright
520,dusan-rajovic,https://www.procyclingstats.com/rider/dusan-rajovic
521,jonathan-milan,https://www.procyclingstats.com/rider/jonathan-milan
522,filip-maciejuk,https://www.procyclingstats.com/rider/filip-maciejuk
523,edoardo-zambanini,https://www.procyclingstats.com/rider/edoardo-zambanini
524,matevz-govekar,https://www.procyclingstats.com/rider/matevz-govekar
525,fran-miholjevic,https://www.procyclingstats.com/rider/fran-miholjevic
526,johan-price-pejtersen,https://www.procyclingstats.com/rider/johan-price-pejtersen
527,cameron-scott,https://www.procyclingstats.com/rider/cameron-scott
528,rainer-kepplinger,https://www.procyclingstats.com/rider/rainer-kepplinger
529,ahmed-madan,https://www.procyclingstats.com/rider/ahmed-madan
530,chih-hao-tu,https://www.procyclingstats.com/rider/chih-hao-tu
531,guillaume-van-keirsbulck,https://www.procyclingstats.com/rider/guillaume-van-keirsbulck
532,marco-tizza,https://www.procyclingstats.com/rider/marco-tizza
533,kenneth-van-rooy,https://www.procyclingstats.com/rider/kenneth-van-rooy
534,floris-de-tier,https://www.procyclingstats.com/rider/floris-de-tier
535,matteo-malucelli,https://www.procyclingstats.com/rider/matteo-malucelli
536,alexis-guerin,https://www.procyclingstats.com/rider/alexis-guerin
537,lennert-teugels,https://www.procyclingstats.com/rider/lennert-teugels
538,dimitri-peyskens,https://www.procyclingstats.com/rider/dimitri-peyskens
539,karl-patrick-lauk,https://www.procyclingstats.com/rider/karl-patrick-lauk
540,remy-mertz,https://www.procyclingstats.com/rider/remy-mertz
541,ludovic-robeet,https://www.procyclingstats.com/rider/ludovic-robeet
542,julian-mertens,https://www.procyclingstats.com/rider/julian-mertens
543,alexander-salby,https://www.procyclingstats.com/rider/alexander-salby
544,ceriel-desal,https://www.procyclingstats.com/rider/ceriel-desal
545,louis-blouwe,https://www.procyclingstats.com/rider/louis-blouwe
546,luca-van-boven,https://www.procyclingstats.com/rider/luca-van-boven
547,nathan-vandepitte,https://www.procyclingstats.com/rider/nathan-vandepitte
548,johan-meens,https://www.procyclingstats.com/rider/johan-meens
549,dorian-de-maeght,https://www.procyclingstats.com/rider/dorian-de-maeght
550,aaron-van-der-beken,https://www.procyclingstats.com/rider/aaron-van-der-beken
551,aaron-gate,https://www.procyclingstats.com/rider/aaron-gate
552,james-oram,https://www.procyclingstats.com/rider/james-oram
553,rory-townsend,https://www.procyclingstats.com/rider/rory-townsend
554,mark-stewart,https://www.procyclingstats.com/rider/mark-stewart
555,luke-mudgway,https://www.procyclingstats.com/rider/luke-mudgway
556,james-fouche,https://www.procyclingstats.com/rider/james-fouche
557,ryan-christensen,https://www.procyclingstats.com/rider/ryan-christensen
558,matthew-bostock,https://www.procyclingstats.com/rider/matthew-bostock
559,tom-sexton,https://www.procyclingstats.com/rider/tom-sexton
560,jacob-scott,https://www.procyclingstats.com/rider/jacob-scott
561,logan-currie,https://www.procyclingstats.com/rider/logan-currie
562,regan-gough,https://www.procyclingstats.com/rider/regan-gough
563,josh-burnett,https://www.procyclingstats.com/rider/josh-burnett
564,ollie-jones,https://www.procyclingstats.com/rider/ollie-jones
565,paul-wright,https://www.procyclingstats.com/rider/paul-wright
566,josh-kench,https://www.procyclingstats.com/rider/josh-kench
567,george-jackson,https://www.procyclingstats.com/rider/george-jackson
568,bailey-o-donnell,https://www.procyclingstats.com/rider/bailey-o-donnell
569,mitchel-fitzsimons,https://www.procyclingstats.com/rider/mitchel-fitzsimons
570,ethan-batt,https://www.procyclingstats.com/rider/ethan-batt
571,daniel-navarro,https://www.procyclingstats.com/rider/daniel-navarro
572,angel-madrazo,https://www.procyclingstats.com/rider/angel-madrazo
573,jetse-bol,https://www.procyclingstats.com/rider/jetse-bol
574,cyril-barthe,https://www.procyclingstats.com/rider/cyril-barthe
575,jose-manuel-diaz-gallego,https://www.procyclingstats.com/rider/jose-manuel-diaz-gallego
576,jesus-ezquerra-muela,https://www.procyclingstats.com/rider/jesus-ezquerra-muela
577,manuel-penalver,https://www.procyclingstats.com/rider/manuel-penalver
578,ander-okamika,https://www.procyclingstats.com/rider/ander-okamika
579,antonio-angulo,https://www.procyclingstats.com/rider/antonio-angulo
580,pelayo-sanchez-mayo,https://www.procyclingstats.com/rider/pelayo-sanchez-mayo
581,victor-langellotti,https://www.procyclingstats.com/rider/victor-langellotti
582,oscar-pelegri,https://www.procyclingstats.com/rider/oscar-pelegri
583,andres-camilo-ardila,https://www.procyclingstats.com/rider/andres-camilo-ardila
584,paniego-fuentes,https://www.procyclingstats.com/rider/paniego-fuentes
585,miguel-angel-fernandez-ruiz,https://www.procyclingstats.com/rider/miguel-angel-fernandez-ruiz
586,mario-aparicio-munoz,https://www.procyclingstats.com/rider/mario-aparicio-munoz
587,clement-alleno,https://www.procyclingstats.com/rider/clement-alleno
588,eric-antonio-fagundez,https://www.procyclingstats.com/rider/eric-antonio-fagundez
589,alejandro-franco-gonzalez,https://www.procyclingstats.com/rider/alejandro-franco-gonzalez
590,felipe-orts,https://www.procyclingstats.com/rider/felipe-orts
591,rodrigo-alvarez,https://www.procyclingstats.com/rider/rodrigo-alvarez
592,eduard-prades,https://www.procyclingstats.com/rider/eduard-prades
593,fernando-barcelo,https://www.procyclingstats.com/rider/fernando-barcelo
594,orluis-aular,https://www.procyclingstats.com/rider/orluis-aular
595,michal-schlegel,https://www.procyclingstats.com/rider/michal-schlegel
596,julen-amezqueta,https://www.procyclingstats.com/rider/julen-amezqueta
597,jefferson-cepeda-hernandez,https://www.procyclingstats.com/rider/jefferson-cepeda-hernandez
598,jhojan-garcia,https://www.procyclingstats.com/rider/jhojan-garcia
599,joel-nicolau,https://www.procyclingstats.com/rider/joel-nicolau
600,tomas-barta,https://www.procyclingstats.com/rider/tomas-barta
601,daniel-babor,https://www.procyclingstats.com/rider/daniel-babor
602,mulu-kinfe-hailemichael,https://www.procyclingstats.com/rider/mulu-kinfe-hailemichael
603,david-gonzalez-lopez,https://www.procyclingstats.com/rider/david-gonzalez-lopez
604,sergio-martin,https://www.procyclingstats.com/rider/sergio-martin
605,jokin-murguialday-elorza,https://www.procyclingstats.com/rider/jokin-murguialday-elorza
606,iuri-leitao,https://www.procyclingstats.com/rider/iuri-leitao
607,jon-barrenetxea-golzarri,https://www.procyclingstats.com/rider/jon-barrenetxea-golzarri
608,abel-balderstone-roumens,https://www.procyclingstats.com/rider/abel-balderstone-roumens
609,yesid-albeiro-pira,https://www.procyclingstats.com/rider/yesid-albeiro-pira
610,calum-johnston,https://www.procyclingstats.com/rider/calum-johnston
611,joseba-lopez-cuesta,https://www.procyclingstats.com/rider/joseba-lopez-cuesta
612,josu-etxeberria-azpilikueta,https://www.procyclingstats.com/rider/josu-etxeberria-azpilikueta
613,francesco-gavazzi,https://www.procyclingstats.com/rider/francesco-gavazzi
614,vincenzo-albanese,https://www.procyclingstats.com/rider/vincenzo-albanese
615,lorenzo-fortunato,https://www.procyclingstats.com/rider/lorenzo-fortunato
616,giovanni-lonardi,https://www.procyclingstats.com/rider/giovanni-lonardi
617,mirco-maestri,https://www.procyclingstats.com/rider/mirco-maestri
618,mattia-bais,https://www.procyclingstats.com/rider/mattia-bais
619,andrea-garosio,https://www.procyclingstats.com/rider/andrea-garosio
620,erik-fetter,https://www.procyclingstats.com/rider/erik-fetter
621,davide-bais,https://www.procyclingstats.com/rider/davide-bais
622,samuele-rivi,https://www.procyclingstats.com/rider/samuele-rivi
623,alessandro-fancellu,https://www.procyclingstats.com/rider/alessandro-fancellu
624,simone-bevilacqua,https://www.procyclingstats.com/rider/simone-bevilacqua
625,simone-raccani,https://www.procyclingstats.com/rider/simone-raccani
626,diego-pablo-sevilla,https://www.procyclingstats.com/rider/diego-pablo-sevilla
627,fernando-tercero-lopez,https://www.procyclingstats.com/rider/fernando-tercero-lopez
628,davide-piganzoli,https://www.procyclingstats.com/rider/davide-piganzoli
629,alex-martin-gutierrez,https://www.procyclingstats.com/rider/alex-martin-gutierrez
630,david-martin-romero,https://www.procyclingstats.com/rider/david-martin-romero
631,andrea-pietrobon,https://www.procyclingstats.com/rider/andrea-pietrobon
632,javier-serrano,https://www.procyclingstats.com/rider/javier-serrano
633,giovanni-carboni,https://www.procyclingstats.com/rider/giovanni-carboni
634,roger-adria,https://www.procyclingstats.com/rider/roger-adria
635,hector-carretero,https://www.procyclingstats.com/rider/hector-carretero
636,francisco-galvan,https://www.procyclingstats.com/rider/francisco-galvan
637,urko-berrade-fernandez,https://www.procyclingstats.com/rider/urko-berrade-fernandez
638,jose-felix-parra,https://www.procyclingstats.com/rider/jose-felix-parra
639,vojtech-repa,https://www.procyclingstats.com/rider/vojtech-repa
640,marti-marquez,https://www.procyclingstats.com/rider/marti-marquez
641,raul-garcia-pierna,https://www.procyclingstats.com/rider/raul-garcia-pierna
642,igor-arrieta-lizarraga,https://www.procyclingstats.com/rider/igor-arrieta-lizarraga
643,inigo-elosegui,https://www.procyclingstats.com/rider/inigo-elosegui
644,jordi-lopez-caravaca,https://www.procyclingstats.com/rider/jordi-lopez-caravaca
645,alex-jaime-fernandez,https://www.procyclingstats.com/rider/alex-jaime-fernandez
646,jon-agirre,https://www.procyclingstats.com/rider/jon-agirre
647,pau-miquel-delgado,https://www.procyclingstats.com/rider/pau-miquel-delgado
648,carlos-garcia-pierna,https://www.procyclingstats.com/rider/carlos-garcia-pierna
649,ibon-ruiz,https://www.procyclingstats.com/rider/ibon-ruiz
650,ivan-cobo-cayon,https://www.procyclingstats.com/rider/ivan-cobo-cayon
651,eugenio-sanchez,https://www.procyclingstats.com/rider/eugenio-sanchez
652,danny-van-der-tuuk,https://www.procyclingstats.com/rider/danny-van-der-tuuk
653,pablo-castrillo-zapater,https://www.procyclingstats.com/rider/pablo-castrillo-zapater
654,mikel-retegi,https://www.procyclingstats.com/rider/mikel-retegi
655,juan-jose-lobato,https://www.procyclingstats.com/rider/juan-jose-lobato
656,luis-angel-mate,https://www.procyclingstats.com/rider/luis-angel-mate
657,mikel-bizkarra,https://www.procyclingstats.com/rider/mikel-bizkarra
658,mikel-iturria,https://www.procyclingstats.com/rider/mikel-iturria
659,gotzon-martin,https://www.procyclingstats.com/rider/gotzon-martin
660,antonio-soto,https://www.procyclingstats.com/rider/antonio-soto
661,carlos-canal,https://www.procyclingstats.com/rider/carlos-canal
662,txomin-juaristi,https://www.procyclingstats.com/rider/txomin-juaristi
663,joan-bou,https://www.procyclingstats.com/rider/joan-bou
664,xabier-mikel-azparren-irurzun,https://www.procyclingstats.com/rider/xabier-mikel-azparren-irurzun
665,unai-cuadrado,https://www.procyclingstats.com/rider/unai-cuadrado
666,ibai-azurmendi-sagastibel,https://www.procyclingstats.com/rider/ibai-azurmendi-sagastibel
667,unai-iribar-jauregi,https://www.procyclingstats.com/rider/unai-iribar-jauregi
668,andoni-lopez-de-abetxuko-jimenez,https://www.procyclingstats.com/rider/andoni-lopez-de-abetxuko-jimenez
669,xabier-isasa-larranaga,https://www.procyclingstats.com/rider/xabier-isasa-larranaga
670,asier-etxeberria,https://www.procyclingstats.com/rider/asier-etxeberria
671,peio-goikoetxea,https://www.procyclingstats.com/rider/peio-goikoetxea
672,iker-ballarin-manso,https://www.procyclingstats.com/rider/iker-ballarin-manso
673,enekoitz-azparren-irurzun,https://www.procyclingstats.com/rider/enekoitz-azparren-irurzun
674,xabier-berasategi-garmendia,https://www.procyclingstats.com/rider/xabier-berasategi-garmendia
675,henok-mulubrhan,https://www.procyclingstats.com/rider/henok-mulubrhan
676,davide-gabburo,https://www.procyclingstats.com/rider/davide-gabburo
677,filippo-fiorelli,https://www.procyclingstats.com/rider/filippo-fiorelli
678,alessandro-tonelli,https://www.procyclingstats.com/rider/alessandro-tonelli
679,luca-covili,https://www.procyclingstats.com/rider/luca-covili
680,luca-colnaghi,https://www.procyclingstats.com/rider/luca-colnaghi
681,alessio-martinelli,https://www.procyclingstats.com/rider/alessio-martinelli
682,samuele-zoccarato,https://www.procyclingstats.com/rider/samuele-zoccarato
683,alex-tolio,https://www.procyclingstats.com/rider/alex-tolio
684,riccardo-lucca,https://www.procyclingstats.com/rider/riccardo-lucca
685,martin-marcellusi,https://www.procyclingstats.com/rider/martin-marcellusi
686,enrico-zanoncello,https://www.procyclingstats.com/rider/enrico-zanoncello
687,luca-rastelli,https://www.procyclingstats.com/rider/luca-rastelli
688,mattia-petrucci,https://www.procyclingstats.com/rider/mattia-petrucci
689,omar-el-gouzi,https://www.procyclingstats.com/rider/omar-el-gouzi
690,manuele-tarozzi,https://www.procyclingstats.com/rider/manuele-tarozzi
691,jared-scott,https://www.procyclingstats.com/rider/jared-scott
692,filippo-magli2,https://www.procyclingstats.com/rider/filippo-magli2
693,iker-bonillo-martin,https://www.procyclingstats.com/rider/iker-bonillo-martin
694,alessandro-pinarello,https://www.procyclingstats.com/rider/alessandro-pinarello
695,alessandro-santaromita,https://www.procyclingstats.com/rider/alessandro-santaromita
696,luca-paletti,https://www.procyclingstats.com/rider/luca-paletti
697,matteo-scalco,https://www.procyclingstats.com/rider/matteo-scalco
698,alessio-nieri,https://www.procyclingstats.com/rider/alessio-nieri
699,giulio-pellizzari,https://www.procyclingstats.com/rider/giulio-pellizzari
700,lorenzo-conforti,https://www.procyclingstats.com/rider/lorenzo-conforti
701,chad-haga,https://www.procyclingstats.com/rider/chad-haga
702,august-jensen,https://www.procyclingstats.com/rider/august-jensen
703,stanislaw-aniolkowski,https://www.procyclingstats.com/rider/stanislaw-aniolkowski
704,gijs-van-hoecke,https://www.procyclingstats.com/rider/gijs-van-hoecke
705,alan-banaszek,https://www.procyclingstats.com/rider/alan-banaszek
706,colin-joyce,https://www.procyclingstats.com/rider/colin-joyce
707,benjamin-perry,https://www.procyclingstats.com/rider/benjamin-perry
708,sebastian-schonberger,https://www.procyclingstats.com/rider/sebastian-schonberger
709,sasha-weemaes,https://www.procyclingstats.com/rider/sasha-weemaes
710,barnabas-peak,https://www.procyclingstats.com/rider/barnabas-peak
711,adam-de-vos,https://www.procyclingstats.com/rider/adam-de-vos
712,pier-andre-cote,https://www.procyclingstats.com/rider/pier-andre-cote
713,kristian-aasvold,https://www.procyclingstats.com/rider/kristian-aasvold
714,paul-double,https://www.procyclingstats.com/rider/paul-double
715,matthew-gibson,https://www.procyclingstats.com/rider/matthew-gibson
716,stephen-bassett,https://www.procyclingstats.com/rider/stephen-bassett
717,scott-mcgill,https://www.procyclingstats.com/rider/scott-mcgill
718,gage-hecht,https://www.procyclingstats.com/rider/gage-hecht
719,bart-lemmen,https://www.procyclingstats.com/rider/bart-lemmen
720,wessel-krul,https://www.procyclingstats.com/rider/wessel-krul
721,embret-svestad-bardseng,https://www.procyclingstats.com/rider/embret-svestad-bardseng
722,charlesetienne-chretien,https://www.procyclingstats.com/rider/charlesetienne-chretien
723,cory-greenberg,https://www.procyclingstats.com/rider/cory-greenberg
724,christopher-froome,https://www.procyclingstats.com/rider/christopher-froome
725,jakob-fuglsang,https://www.procyclingstats.com/rider/jakob-fuglsang
726,giacomo-nizzolo,https://www.procyclingstats.com/rider/giacomo-nizzolo
727,sep-vanmarcke,https://www.procyclingstats.com/rider/sep-vanmarcke
728,ben-hermans,https://www.procyclingstats.com/rider/ben-hermans
729,michael-woods,https://www.procyclingstats.com/rider/michael-woods
730,daryl-impey,https://www.procyclingstats.com/rider/daryl-impey
731,dylan-teuns,https://www.procyclingstats.com/rider/dylan-teuns
732,simon-clarke,https://www.procyclingstats.com/rider/simon-clarke
733,tom-van-asbroeck,https://www.procyclingstats.com/rider/tom-van-asbroeck
734,hugo-houle,https://www.procyclingstats.com/rider/hugo-houle
735,guillaume-boivin,https://www.procyclingstats.com/rider/guillaume-boivin
736,krists-neilands,https://www.procyclingstats.com/rider/krists-neilands
737,rick-zabel,https://www.procyclingstats.com/rider/rick-zabel
738,reto-hollenstein,https://www.procyclingstats.com/rider/reto-hollenstein
739,nick-schultz,https://www.procyclingstats.com/rider/nick-schultz
740,mads-wurtz-schmidt,https://www.procyclingstats.com/rider/mads-wurtz-schmidt
741,corbin-strong,https://www.procyclingstats.com/rider/corbin-strong
742,itamar-einhorn,https://www.procyclingstats.com/rider/itamar-einhorn
743,omer-goldstein,https://www.procyclingstats.com/rider/omer-goldstein
744,stephen-williams,https://www.procyclingstats.com/rider/stephen-williams
745,sebastian-berwick,https://www.procyclingstats.com/rider/sebastian-berwick
746,jens-reynders,https://www.procyclingstats.com/rider/jens-reynders
747,guy-sagiv,https://www.procyclingstats.com/rider/guy-sagiv
748,matthew-riccitello,https://www.procyclingstats.com/rider/matthew-riccitello
749,taj-jones,https://www.procyclingstats.com/rider/taj-jones
750,derek-gee,https://www.procyclingstats.com/rider/derek-gee
751,marco-frigo,https://www.procyclingstats.com/rider/marco-frigo
752,mason-hollyman,https://www.procyclingstats.com/rider/mason-hollyman
753,caleb-ewan,https://www.procyclingstats.com/rider/caleb-ewan
754,thomas-de-gendt,https://www.procyclingstats.com/rider/thomas-de-gendt
755,victor-campenaerts,https://www.procyclingstats.com/rider/victor-campenaerts
756,jasper-de-buyst,https://www.procyclingstats.com/rider/jasper-de-buyst
757,eduardo-sepulveda,https://www.procyclingstats.com/rider/eduardo-sepulveda
758,arnaud-de-lie,https://www.procyclingstats.com/rider/arnaud-de-lie
759,jacopo-guarnieri,https://www.procyclingstats.com/rider/jacopo-guarnieri
760,rudiger-selig,https://www.procyclingstats.com/rider/rudiger-selig
761,andreas-kron,https://www.procyclingstats.com/rider/andreas-kron
762,milan-menten,https://www.procyclingstats.com/rider/milan-menten
763,pascal-eenkhoorn,https://www.procyclingstats.com/rider/pascal-eenkhoorn
764,florian-vermeersch,https://www.procyclingstats.com/rider/florian-vermeersch
765,michael-schwarzmann,https://www.procyclingstats.com/rider/michael-schwarzmann
766,maxim-van-gils,https://www.procyclingstats.com/rider/maxim-van-gils
767,brent-van-moer,https://www.procyclingstats.com/rider/brent-van-moer
768,arjen-livyns,https://www.procyclingstats.com/rider/arjen-livyns
769,sylvain-moniquet,https://www.procyclingstats.com/rider/sylvain-moniquet
770,frederik-frison,https://www.procyclingstats.com/rider/frederik-frison
771,cedric-beullens,https://www.procyclingstats.com/rider/cedric-beullens
772,harry-sweeny,https://www.procyclingstats.com/rider/harry-sweeny
773,mathijs-paasschens,https://www.procyclingstats.com/rider/mathijs-paasschens
774,lennert-van-eetvelt,https://www.procyclingstats.com/rider/lennert-van-eetvelt
775,alec-segaert,https://www.procyclingstats.com/rider/alec-segaert
776,jarne-van-de-paar,https://www.procyclingstats.com/rider/jarne-van-de-paar
777,sebastien-grignard,https://www.procyclingstats.com/rider/sebastien-grignard
778,jarrad-drizners,https://www.procyclingstats.com/rider/jarrad-drizners
779,johannes-adamietz,https://www.procyclingstats.com/rider/johannes-adamietz
780,liam-slock,https://www.procyclingstats.com/rider/liam-slock
781,valerio-conti,https://www.procyclingstats.com/rider/valerio-conti
782,german-nicolas-tivani-perez,https://www.procyclingstats.com/rider/german-nicolas-tivani-perez
783,etienne-van-empel,https://www.procyclingstats.com/rider/etienne-van-empel
784,attilio-viviani,https://www.procyclingstats.com/rider/attilio-viviani
785,alexander-konychev,https://www.procyclingstats.com/rider/alexander-konychev
786,veljko-stojnic,https://www.procyclingstats.com/rider/veljko-stojnic
787,nicolas-dalla-valle,https://www.procyclingstats.com/rider/nicolas-dalla-valle
788,stefano-gandin,https://www.procyclingstats.com/rider/stefano-gandin
789,samuele-zambelli,https://www.procyclingstats.com/rider/samuele-zambelli
790,antonio-barac,https://www.procyclingstats.com/rider/antonio-barac
791,alessandro-iacchi,https://www.procyclingstats.com/rider/alessandro-iacchi
792,charlie-quarterman,https://www.procyclingstats.com/rider/charlie-quarterman
793,lorenzo-quartucci2,https://www.procyclingstats.com/rider/lorenzo-quartucci2
794,marco-murgano,https://www.procyclingstats.com/rider/marco-murgano
795,karel-vacek,https://www.procyclingstats.com/rider/karel-vacek
796,jan-stockli,https://www.procyclingstats.com/rider/jan-stockli
797,giulio-masotto,https://www.procyclingstats.com/rider/giulio-masotto
798,davide-baldaccini,https://www.procyclingstats.com/rider/davide-baldaccini
799,matteo-amella,https://www.procyclingstats.com/rider/matteo-amella
800,simone-olivero,https://www.procyclingstats.com/rider/simone-olivero
801,aaron-van-poucke,https://www.procyclingstats.com/rider/aaron-van-poucke
802,kamiel-bonneu,https://www.procyclingstats.com/rider/kamiel-bonneu
803,jenno-berckmoes,https://www.procyclingstats.com/rider/jenno-berckmoes
804,lindsay-de-vylder,https://www.procyclingstats.com/rider/lindsay-de-vylder
805,ward-vanhoof,https://www.procyclingstats.com/rider/ward-vanhoof
806,ruben-apers,https://www.procyclingstats.com/rider/ruben-apers
807,aaron-verwilst,https://www.procyclingstats.com/rider/aaron-verwilst
808,vito-braet,https://www.procyclingstats.com/rider/vito-braet
809,milan-fretin,https://www.procyclingstats.com/rider/milan-fretin
810,gilles-de-wilde,https://www.procyclingstats.com/rider/gilles-de-wilde
811,jules-hesters,https://www.procyclingstats.com/rider/jules-hesters
812,alex-colman,https://www.procyclingstats.com/rider/alex-colman
813,sander-de-pestel,https://www.procyclingstats.com/rider/sander-de-pestel
814,vincent-van-hemelen,https://www.procyclingstats.com/rider/vincent-van-hemelen
815,toon-clynhens,https://www.procyclingstats.com/rider/toon-clynhens
816,tuur-dens,https://www.procyclingstats.com/rider/tuur-dens
817,elias-maris,https://www.procyclingstats.com/rider/elias-maris
818,arno-claeys,https://www.procyclingstats.com/rider/arno-claeys
819,vince-gerits,https://www.procyclingstats.com/rider/vince-gerits
820,noah-vandenbranden,https://www.procyclingstats.com/rider/noah-vandenbranden
821,peter-kusztor,https://www.procyclingstats.com/rider/peter-kusztor
822,andrea-peron,https://www.procyclingstats.com/rider/andrea-peron
823,david-lozano,https://www.procyclingstats.com/rider/david-lozano
824,charles-planet,https://www.procyclingstats.com/rider/charles-planet
825,joonas-henttala,https://www.procyclingstats.com/rider/joonas-henttala
826,sam-brand,https://www.procyclingstats.com/rider/sam-brand
827,umberto-poli,https://www.procyclingstats.com/rider/umberto-poli
828,ulugbek-saidov,https://www.procyclingstats.com/rider/ulugbek-saidov
829,stephen-clancy,https://www.procyclingstats.com/rider/stephen-clancy
830,matyas-kopecky,https://www.procyclingstats.com/rider/matyas-kopecky
831,declan-irvine,https://www.procyclingstats.com/rider/declan-irvine
832,jan-dunnewind,https://www.procyclingstats.com/rider/jan-dunnewind
833,robbe-ceurens,https://www.procyclingstats.com/rider/robbe-ceurens
834,filippo-ridolfo,https://www.procyclingstats.com/rider/filippo-ridolfo
835,hamish-beadle,https://www.procyclingstats.com/rider/hamish-beadle
836,gerd-de-keijzer,https://www.procyclingstats.com/rider/gerd-de-keijzer
837,logan-phippen,https://www.procyclingstats.com/rider/logan-phippen
838,lucas-dauge,https://www.procyclingstats.com/rider/lucas-dauge
839,peter-sagan,https://www.procyclingstats.com/rider/peter-sagan
840,edvald-boasson-hagen,https://www.procyclingstats.com/rider/edvald-boasson-hagen
841,julien-simon,https://www.procyclingstats.com/rider/julien-simon
842,pierre-latour,https://www.procyclingstats.com/rider/pierre-latour
843,alexis-vuillermoz,https://www.procyclingstats.com/rider/alexis-vuillermoz
844,daniel-oss,https://www.procyclingstats.com/rider/daniel-oss
845,anthony-turgis,https://www.procyclingstats.com/rider/anthony-turgis
846,maciej-bodnar,https://www.procyclingstats.com/rider/maciej-bodnar
847,victor-de-la-parte,https://www.procyclingstats.com/rider/victor-de-la-parte
848,lorrenzo-manzin,https://www.procyclingstats.com/rider/lorrenzo-manzin
849,dries-van-gestel,https://www.procyclingstats.com/rider/dries-van-gestel
850,geoffrey-soupe,https://www.procyclingstats.com/rider/geoffrey-soupe
851,steff-cras,https://www.procyclingstats.com/rider/steff-cras
852,mathieu-burgaudeau,https://www.procyclingstats.com/rider/mathieu-burgaudeau
853,jason-tesson,https://www.procyclingstats.com/rider/jason-tesson
854,valentin-ferron,https://www.procyclingstats.com/rider/valentin-ferron
855,fabien-doubey,https://www.procyclingstats.com/rider/fabien-doubey
856,fabien-grellier,https://www.procyclingstats.com/rider/fabien-grellier
857,sandy-dujardin,https://www.procyclingstats.com/rider/sandy-dujardin
858,paul-ourselin,https://www.procyclingstats.com/rider/paul-ourselin
859,jeremy-cabot,https://www.procyclingstats.com/rider/jeremy-cabot
860,thomas-bonnet,https://www.procyclingstats.com/rider/thomas-bonnet
861,alan-jousseaume,https://www.procyclingstats.com/rider/alan-jousseaume
862,emilien-jeanniere,https://www.procyclingstats.com/rider/emilien-jeanniere
863,matheo-vercher,https://www.procyclingstats.com/rider/matheo-vercher
864,sebastien-reichenbach,https://www.procyclingstats.com/rider/sebastien-reichenbach
865,alexander-kamp,https://www.procyclingstats.com/rider/alexander-kamp
866,arvid-de-kleijn,https://www.procyclingstats.com/rider/arvid-de-kleijn
867,tom-bohli,https://www.procyclingstats.com/rider/tom-bohli
868,simon-pellaud,https://www.procyclingstats.com/rider/simon-pellaud
869,roland-thalmann,https://www.procyclingstats.com/rider/roland-thalmann
870,lucas-eriksson,https://www.procyclingstats.com/rider/lucas-eriksson
871,luc-wirtgen,https://www.procyclingstats.com/rider/luc-wirtgen
872,joel-suter,https://www.procyclingstats.com/rider/joel-suter
873,jacob-eriksson,https://www.procyclingstats.com/rider/jacob-eriksson
874,robin-froidevaux,https://www.procyclingstats.com/rider/robin-froidevaux
875,mika-heming,https://www.procyclingstats.com/rider/mika-heming
876,maikel-zijlaard,https://www.procyclingstats.com/rider/maikel-zijlaard
877,yannis-voisard,https://www.procyclingstats.com/rider/yannis-voisard
878,rick-pluimers,https://www.procyclingstats.com/rider/rick-pluimers
879,petr-kelemeh,https://www.procyclingstats.com/rider/petr-kelemeh
880,arthur-kluckers,https://www.procyclingstats.com/rider/arthur-kluckers
881,sebastian-kolze-changizi,https://www.procyclingstats.com/rider/sebastian-kolze-changizi
882,alois-charrin,https://www.procyclingstats.com/rider/alois-charrin
883,nils-brun,https://www.procyclingstats.com/rider/nils-brun
884,alexander-kristoff,https://www.procyclingstats.com/rider/alexander-kristoff
885,kristoffer-halvorsen,https://www.procyclingstats.com/rider/kristoffer-halvorsen
886,rasmus-tiller,https://www.procyclingstats.com/rider/rasmus-tiller
887,lasse-norman-leth,https://www.procyclingstats.com/rider/lasse-norman-leth
888,niklas-eg,https://www.procyclingstats.com/rider/niklas-eg
889,tobias-halland-johannessen,https://www.procyclingstats.com/rider/tobias-halland-johannessen
890,torstein-traeen,https://www.procyclingstats.com/rider/torstein-traeen
891,jonas-gregaard,https://www.procyclingstats.com/rider/jonas-gregaard
892,anthon-charmig,https://www.procyclingstats.com/rider/anthon-charmig
893,anders-skaarseth,https://www.procyclingstats.com/rider/anders-skaarseth
894,niklas-larsen,https://www.procyclingstats.com/rider/niklas-larsen
895,soren-waerenskjold,https://www.procyclingstats.com/rider/soren-waerenskjold
896,idar-andersen,https://www.procyclingstats.com/rider/idar-andersen
897,erlend-blikra,https://www.procyclingstats.com/rider/erlend-blikra
898,jacob-hindsgaul-madsen,https://www.procyclingstats.com/rider/jacob-hindsgaul-madsen
899,anders-halland-johannessen,https://www.procyclingstats.com/rider/anders-halland-johannessen
900,erik-nordsaeter-resell,https://www.procyclingstats.com/rider/erik-nordsaeter-resell
901,louis-bendixen,https://www.procyclingstats.com/rider/louis-bendixen
902,jonas-abrahamsen,https://www.procyclingstats.com/rider/jonas-abrahamsen
903,fredrik-dversnes,https://www.procyclingstats.com/rider/fredrik-dversnes
904,tord-gudmestad,https://www.procyclingstats.com/rider/tord-gudmestad
905,martin-urianstad,https://www.procyclingstats.com/rider/martin-urianstad
906,adne-holter,https://www.procyclingstats.com/rider/adne-holter
907,william-blume-levy,https://www.procyclingstats.com/rider/william-blume-levy
908,stian-fredheim,https://www.procyclingstats.com/rider/stian-fredheim
909,marcus-sander-hansen,https://www.procyclingstats.com/rider/marcus-sander-hansen
910,sindre-kulset,https://www.procyclingstats.com/rider/sindre-kulset
911,magnus-kulset,https://www.procyclingstats.com/rider/magnus-kulset
912,gianluca-brambilla,https://www.procyclingstats.com/rider/gianluca-brambilla
913,jack-bauer,https://www.procyclingstats.com/rider/jack-bauer
914,damien-howson,https://www.procyclingstats.com/rider/damien-howson
915,tobias-ludvigsson,https://www.procyclingstats.com/rider/tobias-ludvigsson
916,joey-rosskopf,https://www.procyclingstats.com/rider/joey-rosskopf
917,carl-fredrik-hagen,https://www.procyclingstats.com/rider/carl-fredrik-hagen
918,matteo-moschetti,https://www.procyclingstats.com/rider/matteo-moschetti
919,tom-devriendt,https://www.procyclingstats.com/rider/tom-devriendt
920,matteo-badilatti,https://www.procyclingstats.com/rider/matteo-badilatti
921,szymon-sajnok,https://www.procyclingstats.com/rider/szymon-sajnok
922,alessandro-fedeli,https://www.procyclingstats.com/rider/alessandro-fedeli
923,kamil-malecki,https://www.procyclingstats.com/rider/kamil-malecki
924,nickolas-zukowsky,https://www.procyclingstats.com/rider/nickolas-zukowsky
925,mark-donovan,https://www.procyclingstats.com/rider/mark-donovan
926,cyrus-monk,https://www.procyclingstats.com/rider/cyrus-monk
927,walter-calzoni,https://www.procyclingstats.com/rider/walter-calzoni
928,filippo-conca,https://www.procyclingstats.com/rider/filippo-conca
929,antonio-puppio,https://www.procyclingstats.com/rider/antonio-puppio
930,nicolo-parisini,https://www.procyclingstats.com/rider/nicolo-parisini
931,fabio-christen,https://www.procyclingstats.com/rider/fabio-christen
932,negasi-abreha,https://www.procyclingstats.com/rider/negasi-abreha
933,corey-davis,https://www.procyclingstats.com/rider/corey-davis
934,filippo-colombo1,https://www.procyclingstats.com/rider/filippo-colombo1
935,marcel-camprubi,https://www.procyclingstats.com/rider/marcel-camprubi
